/*
SQLyog v10.2 
MySQL - 5.5.20 : Database - nrc
*********************************************************************
*/

/*!40101 SET NAMES utf8 */;

/*!40101 SET SQL_MODE=''*/;

/*!40014 SET @OLD_UNIQUE_CHECKS=@@UNIQUE_CHECKS, UNIQUE_CHECKS=0 */;
/*!40014 SET @OLD_FOREIGN_KEY_CHECKS=@@FOREIGN_KEY_CHECKS, FOREIGN_KEY_CHECKS=0 */;
/*!40101 SET @OLD_SQL_MODE=@@SQL_MODE, SQL_MODE='NO_AUTO_VALUE_ON_ZERO' */;
/*!40111 SET @OLD_SQL_NOTES=@@SQL_NOTES, SQL_NOTES=0 */;
CREATE DATABASE /*!32312 IF NOT EXISTS*/`nrc` /*!40100 DEFAULT CHARACTER SET utf8 */;

USE `nrc`;

/*Table structure for table `nrs_new` */

DROP TABLE IF EXISTS `nrs_new`;

CREATE TABLE `nrs_new` (
  `N_ID` int(4) NOT NULL AUTO_INCREMENT COMMENT '新闻编号',
  `N_TITLE` varchar(200) NOT NULL DEFAULT '' COMMENT '新闻标题',
  `N_CONTENT` varchar(8000) NOT NULL COMMENT '新闻内容',
  `T_ID` int(4) NOT NULL DEFAULT '0' COMMENT '类别ID',
  `N_PUBLISHTIME` varchar(20) NOT NULL DEFAULT '' COMMENT '新闻发布时间',
  PRIMARY KEY (`N_ID`)
) ENGINE=InnoDB AUTO_INCREMENT=30 DEFAULT CHARSET=utf8 COMMENT='新闻表';

/*Data for the table `nrs_new` */

insert  into `nrs_new`(`N_ID`,`N_TITLE`,`N_CONTENT`,`T_ID`,`N_PUBLISHTIME`) values (1,'战斗民族飞行员带毛熊开轰炸机','<p>\r\n	<p style=\"text-indent:2em;color:#333333;font-family:\'Hiragino Sans GB\', \'Microsoft YaHei\', \'WenQuanYi Micro Hei\', Tahoma, arial, sans-serif;font-size:16px;font-style:normal;font-weight:normal;text-align:left;background-color:#FAFAFC;\">\r\n		还记得俄罗斯飞行员驾驶苏-24超低空飞掠美国军舰的事儿吧，4月20日，有网友找到了驾驶苏-24的俄军飞行员。除了为飞行员点赞外，也有网友觉得费解：为啥飞行员开飞机还带个熊？\r\n	</p>\r\n	<p class=\"content-img\" style=\"text-indent:0px;color:#333333;font-family:\'Hiragino Sans GB\', \'Microsoft YaHei\', \'WenQuanYi Micro Hei\', Tahoma, arial, sans-serif;font-size:16px;font-style:normal;font-weight:normal;text-align:start;background-color:#FAFAFC;\">\r\n		<img src=\"http://p31.qhimg.com/dmfd/__90/t01e108c980c28b5499.jpg?size=600x400\" style=\"border:0px;\" />\r\n	</p>\r\n	<p style=\"text-indent:2em;color:#333333;font-family:\'Hiragino Sans GB\', \'Microsoft YaHei\', \'WenQuanYi Micro Hei\', Tahoma, arial, sans-serif;font-size:16px;font-style:normal;font-weight:normal;text-align:left;background-color:#FAFAFC;\">\r\n		这虽然是个玩笑，不过，小熊宝宝确实要上天啦。上周，俄罗斯Orlovka机场工作人员迎来了一位新“同事”——小熊宝宝曼苏尔（Mansour）。\r\n	</p>\r\n</p>',1,'2016-04-25 16:06:02'),(3,'3333','1111 <br />',3,'2016-05-12 11:14:58'),(5,'555','5555 <br />',5,'2016-05-12 11:15:10'),(7,'ABC','ABCABCAACBABCBA<strong>ABCABC</strong>',1,'2016-04-18 19:44:11'),(8,'测试数据新闻0','测试数据新闻0测试数据新闻0测试数据新闻0测试数据新闻0',1,'2016-04-18 19:45:21'),(9,'测试数据新闻3','<p>\r\n	测试数据新闻3\r\n</p>\r\n<p>\r\n	测试数据新闻3\r\n</p>\r\n<p>\r\n	测试数据新闻3\r\n</p>',1,'2016-04-18 19:45:42'),(10,'测试数据新闻1','<p>\r\n	测试数据新闻1\r\n</p>\r\n<p>\r\n	<span>测试数据新闻1</span>\r\n</p>\r\n<p>\r\n	<span>测试数据新闻1</span>\r\n</p>',1,'2016-04-18 19:46:10'),(11,'测试数据新闻4','<p>\r\n	测试数据新闻4\r\n</p>\r\n<p>\r\n	测试数据新闻4\r\n</p>\r\n<p>\r\n	测试数据新闻4\r\n</p>\r\n<p>\r\n</p>',1,'2016-04-18 19:46:32'),(20,'在美国看病，搜索引擎能起多大作用？','<h1 align=\"center\">\r\n	在美国看病，搜索引擎能起多大作用？\r\n</h1>\r\n<p>\r\n	青年人魏则西的不幸病亡，最近几日牵动了许多人的心，搜索引擎在这一事件中扮演的角色引发巨大争议。在美国，谷歌等搜索引擎也会扮演医疗信息推广者的角色，这些信息会否影响美国民众对就医的选择？\r\n</p>\r\n<p>\r\n	生了病去哪家医院看病？在美国，除了病友口口相传和亲朋好友的推荐介绍，大多数人都会求助有公信力的医院排名，而颇具权威度的传统媒体排名，是不少美国民众看病找医院的重要参考\r\n</p>\r\n<p>\r\n	作为有80多年历史的全国性媒体和出版公司，US news每年都会公布各类与民生问题相关的排名，比如工作、教育、医疗、度假等，其中最佳医疗机构排名覆盖美国2千多家医院，还包括各钟分医疗科目的分类排名。\r\n</p>\r\n<p>\r\n	早在互联网出现之前，US news就形成了很好的口碑和很高的知名度，其所涵盖的民生相关领域，现在看来并没有给互联网搜索引擎留下太多改变行业结构的机会。\r\n</p>\r\n<p>\r\n	这一情况在一定程度上体现出医疗行业对互联网搜索优化的整体需求不高。民众对这些行业信息的来源渠道往往都更传统、也更多元化。仅凭谷歌一家的信息并不足以左右民众的求医选择。\r\n</p>\r\n<p>\r\n	与此相联系的是，从整体广告收入来看，医疗也没有入选前十名中。\r\n</p>\r\n<p>\r\n	<img src=\"http://n.sinaimg.cn/news/transform/20160503/JDLC-fxrtzte9920473.png\" alt=\"\" /> \r\n</p>\r\n<p>\r\n	不过，从更小众一些的Bing搜索引擎的关键词CPC报价排名来看，第五名Mesothelioma（一种肿瘤）和第六名Treatment均和医疗相关。尽管如此，对医疗服务的搜索热情还不如酒后驾车多。\r\n</p>\r\n<p>\r\n	<br />\r\n</p>\r\n<p>\r\n	<br />\r\n</p>\r\n<p>\r\n	搜索引擎并非美国民众首要依赖的求医信息源。另一方面，在魏则西不幸事件中另一重要环节——最新的医疗科技——也很少是美国患者选择医院的主要考量。\r\n</p>\r\n<p>\r\n	这倒不是美国民众不欢迎更新的医疗技术，而是市场化的医疗保险公司会控制不必要的昂贵医疗、或过度医疗。在美国，保险公\r\n</p>\r\n<p>\r\n	司会对医疗成本有各种限制，医生也会尽量避免各种过度检查和治疗。\r\n</p>\r\n<p>\r\n	（新浪国际波士顿观察员 张小茸）\r\n</p>\r\n<p>\r\n	<br />\r\n</p>\r\n<p>\r\n	<br />\r\n</p>\r\n<p>\r\n	<br />\r\n</p>\r\n<p>\r\n	<br />\r\n</p>\r\n<p>\r\n	<br />\r\n</p>',3,'2016-05-16 22:56:11'),(21,'前NBA球星马布里将登上中国大银幕','<p>\r\n	<strong><a href=\"http://www.cankaoxiaoxi.com?toindex=2\" target=\"_blank\">参考消息网</a>5月16日报道</strong> 美媒称，一名前NBA球星在北京找到了家。现在，他正期待在中国大银幕上留下自己的身影。\r\n</p>\r\n<p>\r\n	据美国《华尔街日报》网站5月13日报道，斯蒂芬·马布里是正在中国职业篮球队效力的最知名的前NBA球星，他将首次出演电影，在以他自己的人生故事为蓝本的中国电影《纽约人在北京》中饰演主角。\r\n</p>\r\n<p>\r\n	马布里在他的NBA生涯期间由于球场上的作风而被戏称为“独狼”，现在他效力于北京首钢篮球俱乐部。他在2012年带领球队拿下他们的第一个CBA总冠军，又在2014年和2015年带领球队两次获得总冠军。\r\n</p>\r\n<p>\r\n	自2010年移居中国以来，马布里赢得了中国篮球迷的喜爱，尤其是在北京。北京市政府还授予他“北京市荣誉市民”称号。\r\n</p>\r\n<p>\r\n	39岁的马布里本周在电影拍摄地北京郊区的一个篮球场对专栏记者说：“我以前考虑过拍电影，但从来没想到会拍一部我自己的电影。”\r\n</p>\r\n<p>\r\n	在这部电影之前，马布里在北京赢得了一系列荣誉，这对于在中国的外国运动员来说很少见。这些荣誉包括在北京一座主要运动场馆旁竖立起的雕像，距离天安门广场不远的一座名为“马布里之家”的博物馆，专门发行的马布里纪念邮票，以及他最近获得的一张中国绿卡。\r\n</p>\r\n<p>\r\n	这位前尼克斯队球员说：“所有这一切都让人无所适从。有机会在人生中经历这一切，这让我感到惶恐。”\r\n</p>\r\n<p>\r\n	在马布里NBA生涯的最后几年，他作为尼克斯队以及后来凯尔特人队的球员，在球场上的表现并不太出色。在他父亲2007年去世后，马布里陷入了抑郁。\r\n</p>\r\n<p>\r\n	这部电影的制片人、海润影业副总裁韩肯女士，在被问到为什么决定拍摄一部关于美国运动员的电影时回答说：“马布里的故事与大部分名人的都不同，因为他曾在NBA跌倒。关于他如何在跌倒后爬起来的故事是非常励志的，我想这可以在观众中产生共鸣。”\r\n</p>',5,'2016-05-16 23:04:51'),(22,'国际空间站已绕地球10万圈','<h1 style=\"font-size:30px;text-align:left;font-weight:normal;color:#333333;font-family:\'Hiragino Sans GB\', \'Microsoft YaHei\', \'WenQuanYi Micro Hei\', Tahoma, arial, sans-serif;font-style:normal;text-indent:0px;background-color:#FAFAFC;\">\r\n	<p style=\"text-indent:2em;color:#333333;font-family:\'Hiragino Sans GB\', \'Microsoft YaHei\', \'WenQuanYi Micro Hei\', Tahoma, arial, sans-serif;font-size:16px;font-style:normal;font-weight:normal;text-align:left;background-color:#FAFAFC;\">\r\n		摘要:今天，国际空间站(International Space Station/ISS)完成了一个史无前例的壮举:围绕地球已经整整10万圈了!这是个什么概念呢?相当于在地球和火星之间往返10次，或者说从地球飞到海王星。国际空间站的飞行速度为8千米每秒，或者说2.8万千米每小时，90分钟即可绕地球一周。\r\n	</p>\r\n	<p class=\"content-img\" style=\"text-indent:0px;color:#333333;font-family:\'Hiragino Sans GB\', \'Microsoft YaHei\', \'WenQuanYi Micro Hei\', Tahoma, arial, sans-serif;font-size:16px;font-style:normal;font-weight:normal;text-align:start;background-color:#FAFAFC;\">\r\n		<img src=\"http://p32.qhimg.com/dmfd/__90/t012ffcbf0715f9a9a9.gif?size=480x270\" style=\"border:0px;\" /> \r\n	</p>\r\n	<p style=\"text-indent:2em;color:#333333;font-family:\'Hiragino Sans GB\', \'Microsoft YaHei\', \'WenQuanYi Micro Hei\', Tahoma, arial, sans-serif;font-size:16px;font-style:normal;font-weight:normal;text-align:left;background-color:#FAFAFC;\">\r\n		这一圈又一圈地下来，国际空间站已经飞了4254043369千米(42.5亿千米)。\r\n	</p>\r\n	<p class=\"content-img\" style=\"text-indent:0px;color:#333333;font-family:\'Hiragino Sans GB\', \'Microsoft YaHei\', \'WenQuanYi Micro Hei\', Tahoma, arial, sans-serif;font-size:16px;font-style:normal;font-weight:normal;text-align:start;background-color:#FAFAFC;\">\r\n		<img src=\"http://p35.qhimg.com/dmfd/__90/t01aef0558f4c6baf8c.gif?size=400x225\" style=\"border:0px;\" /> \r\n	</p>\r\n	<p style=\"text-indent:2em;color:#333333;font-family:\'Hiragino Sans GB\', \'Microsoft YaHei\', \'WenQuanYi Micro Hei\', Tahoma, arial, sans-serif;font-size:16px;font-style:normal;font-weight:normal;text-align:left;background-color:#FAFAFC;\">\r\n		17年来，国际空间站先后迎接了222名客人，共进行了1922项科研实验，取得了1200多项科研成果，包括微重力植物生长、微重力环境人体影响等等。\r\n	</p>\r\n	<p class=\"content-img\" style=\"text-indent:0px;color:#333333;font-family:\'Hiragino Sans GB\', \'Microsoft YaHei\', \'WenQuanYi Micro Hei\', Tahoma, arial, sans-serif;font-size:16px;font-style:normal;font-weight:normal;text-align:start;background-color:#FAFAFC;\">\r\n		<img src=\"http://p34.qhimg.com/dmfd/__90/t01cbfb27063ed341c3.gif?size=480x270\" style=\"border:0px;\" /> \r\n	</p>\r\n	<p style=\"text-indent:2em;color:#333333;font-family:\'Hiragino Sans GB\', \'Microsoft YaHei\', \'WenQuanYi Micro Hei\', Tahoma, arial, sans-serif;font-size:16px;font-style:normal;font-weight:normal;text-align:left;background-color:#FAFAFC;\">\r\n		哦对了，你知道吗?国际空间站是夜空中第三明亮的物体呢。\r\n	</p>\r\n<br />\r\n</h1>',8,'2016-05-17 09:39:21'),(23,'工商银行拟收购伦敦金库 将提升市场影响力','<p style=\"text-indent:2em;color:#333333;font-family:\'Hiragino Sans GB\', \'Microsoft YaHei\', \'WenQuanYi Micro Hei\', Tahoma, arial, sans-serif;font-size:16px;font-style:normal;font-weight:normal;text-align:left;background-color:#FAFAFC;\">\r\n	北京时间16日晚，中国工商银行麾下的工行南非标准银行(ICBC Standard Bank PLC)周一宣布将收购巴克莱银行(Barclays PLC)的金库。此举是该行为提高其在贵金属市场基础结构中的地位而采取的最新举措。\r\n</p>\r\n<p class=\"content-img\" style=\"text-indent:0px;color:#333333;font-family:\'Hiragino Sans GB\', \'Microsoft YaHei\', \'WenQuanYi Micro Hei\', Tahoma, arial, sans-serif;font-size:16px;font-style:normal;font-weight:normal;text-align:start;background-color:#FAFAFC;\">\r\n	<img src=\"http://p31.qhimg.com/dmfd/__90/t01b536e781dacff51b.jpg?size=550x384\" style=\"border:0px;\" />\r\n</p>\r\n<p style=\"text-indent:2em;color:#333333;font-family:\'Hiragino Sans GB\', \'Microsoft YaHei\', \'WenQuanYi Micro Hei\', Tahoma, arial, sans-serif;font-size:16px;font-style:normal;font-weight:normal;text-align:left;background-color:#FAFAFC;\">\r\n	这一交易将使其母公司、全球最大的银行:中国工商银行(ICBC)成为第一家在伦敦拥有金库的中国贷款机构，并提高其在贵金属市场从定价到储存能力等方面的影响。中国是许多种金属的最大消费国，该国的银行业已经努力希望拥有这些市场或者参与其基础运营。\r\n</p>\r\n<p style=\"text-indent:2em;color:#333333;font-family:\'Hiragino Sans GB\', \'Microsoft YaHei\', \'WenQuanYi Micro Hei\', Tahoma, arial, sans-serif;font-size:16px;font-style:normal;font-weight:normal;text-align:left;background-color:#FAFAFC;\">\r\n	上述金库是欧洲最大的金库之一，用于储存黄金、白银、铂金与钯金等贵金属。\r\n</p>\r\n<p style=\"text-indent:2em;color:#333333;font-family:\'Hiragino Sans GB\', \'Microsoft YaHei\', \'WenQuanYi Micro Hei\', Tahoma, arial, sans-serif;font-size:16px;font-style:normal;font-weight:normal;text-align:left;background-color:#FAFAFC;\">\r\n	该行商品期货部门主管马克-班科姆(Mark Buncombe)表示:“这是我行进行的一笔令人激动的交易。它使我们能更好的执行我们的策略，即:成为在贵金属市场中最大的中国银行企业之一。”\r\n</p>\r\n<p style=\"text-indent:2em;color:#333333;font-family:\'Hiragino Sans GB\', \'Microsoft YaHei\', \'WenQuanYi Micro Hei\', Tahoma, arial, sans-serif;font-size:16px;font-style:normal;font-weight:normal;text-align:left;background-color:#FAFAFC;\">\r\n	预计这笔交易将在7月份完成。\r\n</p>\r\n<p style=\"text-indent:2em;color:#333333;font-family:\'Hiragino Sans GB\', \'Microsoft YaHei\', \'WenQuanYi Micro Hei\', Tahoma, arial, sans-serif;font-size:16px;font-style:normal;font-weight:normal;text-align:left;background-color:#FAFAFC;\">\r\n	上周，工行标准银行成为过去10年来第一个加入伦敦贵金属清算系统的新银行，这个体系还包括巴克莱银行、汇丰银行、摩根大通银行与瑞银集团等。\r\n</p>',4,'2016-05-17 09:47:24'),(24,'驻福建31军台海大规模军演 舰机铺天盖地','<div class=\"abstract bgB clear\" style=\"border:1px solid #E6E6E6;margin:15px auto 0px;padding:9px 10px 8px 15px;font-size:14px;text-align:left;color:#333333;font-family:宋体, simsun, sans-serif, Arial;font-style:normal;font-weight:normal;background:#FFFFFF;\">\r\n	<div class=\"r\" style=\"border:0px;margin:0px;padding:0px;font-size:14px;color:#333333;\">\r\n		<strong>[提要]</strong> 近日，《解放军报》再次报道解放军组织登陆演习的消息，驻地为福建厦门的解放军陆军第31集团军合成营在东南某海域演练立体登陆突击，中国军视网则以视频形式报道了此次演习。演习模拟的登陆海滩位于台湾西南部，视频画面可以看出，舰机铺天盖地场面壮观。\r\n	</div>\r\n</div>\r\n<div class=\"text-pic\" style=\"border:0px;margin:15px auto 0px;padding:0px;font-size:14px;text-align:center;color:#333333;font-family:宋体, simsun, sans-serif, Arial;font-style:normal;font-weight:normal;background-color:#FFFFFF;\">\r\n	<table class=\"tableImg ke-zeroborder\" style=\"border-collapse:collapse;margin:0px auto;\" align=\"center\" border=\"0\" cellpadding=\"0\" cellspacing=\"0\">\r\n		<tbody>\r\n			<tr>\r\n				<td style=\"font-weight:normal;vertical-align:top;text-align:center;\">\r\n					<img src=\"http://photocdn.sohu.com/20160517/Img449842807.jpg\" alt=\"原文配图：第31集团军开展合成营模块化立体登陆突击演练，图为新型立体登陆突击单元抢滩上陆。\" class=\"flag_bigP\" style=\"border:0px;\" align=\"middle\" /> \r\n					<div class=\"conserve-photo\" style=\"border:0px;margin:0px;padding:0px;font-size:14px;background:url(http://news.sohu.com/upload/article/2012/images/saveBtn.png) no-repeat;\">\r\n						<div class=\"comCount\" style=\"border:0px;margin:0px;padding:0px;font-size:11px;font-style:normal;font-weight:normal;font-family:宋体;color:white;\">\r\n							2\r\n						</div>\r\n					</div>\r\n				</td>\r\n			</tr>\r\n			<tr>\r\n				<td class=\"text-pic-tt\" style=\"font-weight:normal;vertical-align:top;text-align:left;font-size:12px;\">\r\n					据中国军视网报道，一场信息化条件下的立体登陆突击演练日前在东南某海域举行，第31集团军合成营依托指挥信息系统聚合步兵、装甲兵、防化兵、炮兵等多兵种，以及两栖陆航特战等多种新型作战力量，采取立体登陆超距打击特战破袭，向敌阵地发起猛烈攻击。图为新型立体登陆突击单元抢滩上陆。 <a class=\"savePicBtn\">[保存到相册]</a> \r\n				</td>\r\n			</tr>\r\n		</tbody>\r\n	</table>\r\n</div>\r\n<p style=\"font-size:14px;color:#000000;font-family:宋体, simsun, sans-serif, Arial;font-style:normal;font-weight:normal;text-align:start;text-indent:0px;background-color:#FFFFFF;\">\r\n	台湾地区领导人“520”就职前夕，《解放军报》再次报道解放军组织登陆演习的消息，驻地为福建厦门的解放军陆军第31集团军合成营在东南某海域演练立体登陆突击，中国军视网则以视频形式报道了此次演习。据观察者网军事观察员分析，演习模拟的登陆海滩位于台湾西南部，与二战期间诺曼底登陆的奥马哈海滩地形有相似之处。此前5月11日，《解放军报》头版报道了南海舰队某登陆舰支队在某海域组织抢滩登陆训练的消息，并配发了2张我军“野牛”气垫登陆舰的照片。\r\n</p>',1,'2016-05-18 10:47:35'),(26,'十大本科专业就业率及月收入排行 计算机最有钱','<strong>计算机科学与技术最有“钱”，本科月薪高达4978元</strong> \r\n<p>\r\n	<strong>法学专业仍“难”就业，就业率继续“垫底”</strong> \r\n</p>\r\n<p>\r\n	文/李静\r\n</p>\r\n<p>\r\n	金羊网讯 离<a href=\"http://edu.sina.com.cn/gaokao/\" target=\"_blank\">高考</a><a href=\"http://weibo.com/gaokao?zw=edu\" target=\"_blank\">(微博)</a>不到一个月，很多家长<a href=\"http://weibo.com/parentschina?zw=edu\" target=\"_blank\">(微博)</a>和\r\n考生都在为“选什么专业”、“上什么学校”而纠结。大学读什么专业最吸金？哪些专业满意度最高？什么专业升职快？哪些专业最 \r\n对口？7日，专门为中国各高校提供就业能力评估报告的第三方教育咨询机构——麦可思公布了《2016年中国大学生就业报告》。报告显示，在十大本科专业 \r\n中，财务管理专业就业率最高，达95.3%，法学专业继续垫底，就业率仅为87.9%。就专业“钱”途而言，与互联网密切相关的计算机科学与技术专业吸金\r\n 能力最强，2015届本科毕业生毕业半年后的平均月收入为4978元。\r\n</p>\r\n<p>\r\n	据悉，《2016年中国大学生就业报告》中关于2015届大学生毕业半年后培养质量的跟踪评价数据于今年3月初完成，共回收全国总样本约\r\n25.0 万，其中本科生样本约12.3万，高职高专生样本约12.7万。 \r\n此外，麦可思还调查了2012届大学毕业生毕业三年后的就业数据，共回收全国样本约4.1万，其中本科生样本约2.2万，高职高专生样本约1.9万。\r\n</p>\r\n<p>\r\n	asd\r\n</p>',1,'2016-05-18 10:37:53'),(27,'习近平：脱离人民 哲学社会科学就不会有生命力','<div class=\"page-header\">\r\n	<br />\r\n</div>\r\n<div class=\"page-info\" id=\"page-info\">\r\n	<div class=\"page-tools\" id=\"page-tools\">\r\n		<div class=\"bshare-custom topShareBox\">\r\n		</div>\r\n	</div>\r\n</div>\r\n<div class=\"page-info\" id=\"page-info\">\r\n	<div class=\"page-tools\" id=\"page-tools\">\r\n	</div>\r\n<span class=\"time-source\" id=\"navtimeSource\">2016年05月17日18:13 <span> <span><a href=\"http://www.xinhuanet.com/\" target=\"_blank\">新华社</a></span></span> </span> \r\n</div>\r\n<div id=\"page-info2\" class=\"page-info2\">\r\n	<h3 id=\"smallBodyTitle\">\r\n		习近平：脱离人民 哲学社会科学就不会有生命力\r\n	</h3>\r\n	<div class=\"page-tools2\" id=\"page-tools2\">\r\n		<div class=\"bshare-custom topShareBox\">\r\n		</div>\r\n	</div>\r\n</div>\r\n<div id=\"page-info2\" class=\"page-info2\">\r\n	<div class=\"page-tools2\" id=\"page-tools2\">\r\n	</div>\r\n</div>\r\n<div class=\"artical-player-wrap\">\r\n	<div class=\"a-p-hd\">\r\n		<div class=\"a-p-info\">\r\n			<span id=\"J_Video_Source\">习近平主持哲学社会科学座谈会</span> \r\n		</div>\r\n	</div>\r\n</div>\r\n<p>\r\n	(原标题：习近平主持召开哲学社会科学工作座谈会)\r\n</p>\r\n<p>\r\n	新华社北京5月17日电（记者吴晶、华春雨）中共中央总书记、国家主席、中央军委主席习近平17日上午在京主持召开哲学社会科学工作座谈会并发\r\n表重要讲话。他强调，一个没有发达的自然科学的国家不可能走在世界前列，一个没有繁荣的哲学社会科学的国家也不可能走在世界前列。坚持和发展中国特色社会\r\n主义，哲学社会科学具有不可替代的重要地位，哲学社会科学工作者具有不可替代的重要作用。坚持和发展中国特色社会主义，必须高度重视哲学社会科学，结合中\r\n国特色社会主义伟大实践，加快构建中国特色哲学社会科学。\r\n</p>\r\n<p>\r\n	中共中央政治局常委、中央书记处书记刘云山出席座谈会。\r\n</p>\r\n<p>\r\n	座谈会上，中国社科院研究员汝信、北京大学国家发展研究院教授林毅夫、中国社科院马克思主义研究院研究员钟君、敦煌研究院研究员樊锦诗、复旦大\r\n学中国研究院教授张维为、北京师范大学文学院教授康震、中国政法大学教授马怀德、武汉大学马克思主义学院教授沈壮海、国防大学战略研究所教授金一南、中国\r\n人民大学重阳金融研究院研究员王文先后发言。他们分别介绍了哲学、经济学、科学社会主义、历史学、政治学、文学、法学、马克思主义理论、军事学等学科和领\r\n 域的研究进展，并就如何推动哲学社会科学工作创新发展提出了意见和建议。\r\n</p>',2,'2016-05-18 10:45:13');

/*Table structure for table `nrs_review` */

DROP TABLE IF EXISTS `nrs_review`;

CREATE TABLE `nrs_review` (
  `R_ID` int(4) NOT NULL AUTO_INCREMENT COMMENT '评论编号',
  `R_CONTENT` varchar(200) NOT NULL DEFAULT '' COMMENT '评论内容',
  `R_USERNAME` varchar(20) NOT NULL DEFAULT '游客' COMMENT '评论者昵称',
  `R_REVTIME` varchar(50) NOT NULL DEFAULT '' COMMENT '评论时间',
  `N_ID` int(4) NOT NULL DEFAULT '0' COMMENT '新闻编号',
  PRIMARY KEY (`R_ID`)
) ENGINE=InnoDB AUTO_INCREMENT=32 DEFAULT CHARSET=utf8 COMMENT='评论信息表';

/*Data for the table `nrs_review` */

insert  into `nrs_review`(`R_ID`,`R_CONTENT`,`R_USERNAME`,`R_REVTIME`,`N_ID`) values (7,'哈哈哈哈哈哈','大兔子','2016-04-18 21:11:08',9),(8,'战斗民族','熊二','2016-04-25 17:22:04',1),(9,'飞啊飞啊','游客','2016-04-25 17:22:46',1),(10,'啦啦啦啦','游客','2016-04-25 17:23:05',1),(13,'你瞅啥？','游客','2016-04-25 17:27:56',1),(14,'瞅你咋滴~','游客','2016-04-25 17:28:35',1),(16,'再瞅一个试试','游客','2016-04-25 17:34:09',1),(17,'66666','游客','2016-05-14 21:41:25',6),(18,'Test one !','Jason','2016-05-14 21:43:50',6),(19,'Thank U!','游客','2016-05-14 21:44:07',6),(20,'没签过的纸，就是厕所的屎','游客','2016-05-16 20:58:20',6),(21,'Roger that !!!','游客','2016-05-16 21:00:15',5),(22,'小钱钱~！！！','游客','2016-05-17 10:34:32',23),(23,'阿萨德','游客','2016-05-17 10:52:19',24),(24,'开门，东风快递','游客','2016-05-18 10:22:02',24),(25,'接你回家','游客','2016-05-27 09:52:20',24),(26,'欧洲野牛','土豆','2016-05-27 09:53:13',24),(27,'go go go','游客','2016-05-27 09:54:50',5),(28,'土豪','兔子','2016-05-27 09:56:36',23),(29,'嘿！嘿！嘿！','游客','2016-05-27 09:58:04',23),(30,'6666','游客','2016-06-12 13:58:04',28),(31,'哈哈哈哈哈','兔子','2016-06-12 13:58:15',28);

/*Table structure for table `nrs_type` */

DROP TABLE IF EXISTS `nrs_type`;

CREATE TABLE `nrs_type` (
  `T_ID` int(4) NOT NULL AUTO_INCREMENT,
  `T_NAME` varchar(20) NOT NULL DEFAULT '' COMMENT '类别名称',
  `T_MEMO` varchar(100) NOT NULL DEFAULT '' COMMENT '类别备注',
  PRIMARY KEY (`T_ID`)
) ENGINE=InnoDB AUTO_INCREMENT=9 DEFAULT CHARSET=utf8 COMMENT='新闻类别表';

/*Data for the table `nrs_type` */

insert  into `nrs_type`(`T_ID`,`T_NAME`,`T_MEMO`) values (1,'军事','1'),(2,'社会','2'),(3,'国际','3'),(4,'财经','4'),(5,'体育','5'),(6,'教育','6'),(7,'娱乐',''),(8,'科技','');

/*Table structure for table `nrs_user` */

DROP TABLE IF EXISTS `nrs_user`;

CREATE TABLE `nrs_user` (
  `U_ID` int(4) NOT NULL AUTO_INCREMENT COMMENT '用户编号',
  `U_USERNAME` varchar(20) NOT NULL DEFAULT '' COMMENT '登陆用户名',
  `U_USERPWD` varchar(100) NOT NULL DEFAULT '' COMMENT '登陆密码',
  `U_NAME` varchar(20) NOT NULL DEFAULT '' COMMENT '用户姓名',
  PRIMARY KEY (`U_ID`)
) ENGINE=InnoDB AUTO_INCREMENT=2 DEFAULT CHARSET=utf8 COMMENT='用户信息表';

/*Data for the table `nrs_user` */

insert  into `nrs_user`(`U_ID`,`U_USERNAME`,`U_USERPWD`,`U_NAME`) values (1,'bot','bot','bot');

/*!40101 SET SQL_MODE=@OLD_SQL_MODE */;
/*!40014 SET FOREIGN_KEY_CHECKS=@OLD_FOREIGN_KEY_CHECKS */;
/*!40014 SET UNIQUE_CHECKS=@OLD_UNIQUE_CHECKS */;
/*!40111 SET SQL_NOTES=@OLD_SQL_NOTES */;
